{
  "selection_rule": "Choose the highest p95-calibrated F1. If tied, choose the lower normal-validation reconstruction loss.",
  "threshold_percentile": 95.0,
  "candidate_results": [
    {
      "name": "basic_width_latent8_lr0p001",
      "hidden_dims": "48-24",
      "latent_dim": 8,
      "batch_size": 512,
      "learning_rate": 0.001,
      "weight_decay": 1e-05,
      "max_epochs": 45,
      "patience": 8,
      "best_epoch": 45,
      "epochs_trained": 45,
      "validation_loss": 0.0024299777427819014,
      "threshold": 0.014428069815039635,
      "precision": 0.9884523726081166,
      "recall": 0.9767623071461966,
      "f1": 0.9825725707417762,
      "accuracy": 0.9717874968276795,
      "normal_error_mean": 0.002446366474032402,
      "anomaly_error_mean": 0.1108187809586525
    },
    {
      "name": "basic_width_latent8_lr0p0005",
      "hidden_dims": "48-24",
      "latent_dim": 8,
      "batch_size": 512,
      "learning_rate": 0.0005,
      "weight_decay": 1e-05,
      "max_epochs": 45,
      "patience": 8,
      "best_epoch": 45,
      "epochs_trained": 45,
      "validation_loss": 0.0023298278041325327,
      "threshold": 0.013911599293351173,
      "precision": 0.9885381337507609,
      "recall": 0.9841561185087704,
      "f1": 0.9863422591673464,
      "accuracy": 0.9778078560753461,
      "normal_error_mean": 0.002347752917557955,
      "anomaly_error_mean": 0.1171044334769249
    },
    {
      "name": "basic_width_latent12_lr0p001",
      "hidden_dims": "48-24",
      "latent_dim": 12,
      "batch_size": 512,
      "learning_rate": 0.001,
      "weight_decay": 1e-05,
      "max_epochs": 45,
      "patience": 8,
      "best_epoch": 45,
      "epochs_trained": 45,
      "validation_loss": 0.0011986541600307657,
      "threshold": 0.004894860554486513,
      "precision": 0.9885019366995847,
      "recall": 0.981021973645478,
      "f1": 0.9847477512710208,
      "accuracy": 0.9752559005160308,
      "normal_error_mean": 0.0012198443291708827,
      "anomaly_error_mean": 0.11168264597654343
    },
    {
      "name": "basic_width_latent12_lr0p0005",
      "hidden_dims": "48-24",
      "latent_dim": 12,
      "batch_size": 512,
      "learning_rate": 0.0005,
      "weight_decay": 1e-05,
      "max_epochs": 45,
      "patience": 8,
      "best_epoch": 45,
      "epochs_trained": 45,
      "validation_loss": 0.002260567060153953,
      "threshold": 0.014028230682015419,
      "precision": 0.9885369375010872,
      "recall": 0.9840522242039099,
      "f1": 0.9862894828184658,
      "accuracy": 0.9777232608634351,
      "normal_error_mean": 0.0022196576464921236,
      "anomaly_error_mean": 0.12583373486995697
    },
    {
      "name": "basic_width_latent16_lr0p001",
      "hidden_dims": "48-24",
      "latent_dim": 16,
      "batch_size": 512,
      "learning_rate": 0.001,
      "weight_decay": 1e-05,
      "max_epochs": 45,
      "patience": 8,
      "best_epoch": 45,
      "epochs_trained": 45,
      "validation_loss": 0.0018049256367329684,
      "threshold": 0.010990316048264503,
      "precision": 0.9883811135794633,
      "recall": 0.9707018060293329,
      "f1": 0.979461688317361,
      "accuracy": 0.9668527761328709,
      "normal_error_mean": 0.001779833808541298,
      "anomaly_error_mean": 0.11949345469474792
    },
    {
      "name": "basic_width_latent16_lr0p0005",
      "hidden_dims": "48-24",
      "latent_dim": 16,
      "batch_size": 512,
      "learning_rate": 0.0005,
      "weight_decay": 1e-05,
      "max_epochs": 45,
      "patience": 8,
      "best_epoch": 45,
      "epochs_trained": 45,
      "validation_loss": 0.0022935562932323065,
      "threshold": 0.014557569287717342,
      "precision": 0.988453586571819,
      "recall": 0.9768662014510571,
      "f1": 0.9826257348138472,
      "accuracy": 0.9718720920395906,
      "normal_error_mean": 0.002322571352124214,
      "anomaly_error_mean": 0.11524010449647903
    },
    {
      "name": "wider_width_latent8_lr0p001",
      "hidden_dims": "64-32",
      "latent_dim": 8,
      "batch_size": 512,
      "learning_rate": 0.001,
      "weight_decay": 1e-05,
      "max_epochs": 45,
      "patience": 8,
      "best_epoch": 45,
      "epochs_trained": 45,
      "validation_loss": 0.001444442299489759,
      "threshold": 0.008585921488702297,
      "precision": 0.9884721687716475,
      "recall": 0.9784592474589184,
      "f1": 0.9834402220733225,
      "accuracy": 0.9731692186222259,
      "normal_error_mean": 0.0014610716607421637,
      "anomaly_error_mean": 0.10147018730640411
    },
    {
      "name": "wider_width_latent8_lr0p0005",
      "hidden_dims": "64-32",
      "latent_dim": 8,
      "batch_size": 512,
      "learning_rate": 0.0005,
      "weight_decay": 1e-05,
      "max_epochs": 45,
      "patience": 8,
      "best_epoch": 45,
      "epochs_trained": 45,
      "validation_loss": 0.0020447311950829833,
      "threshold": 0.013527508825063705,
      "precision": 0.988525560663045,
      "recall": 0.9830652283077349,
      "f1": 0.9857878332740074,
      "accuracy": 0.9769196063502805,
      "normal_error_mean": 0.002009680261835456,
      "anomaly_error_mean": 0.12347927689552307
    },
    {
      "name": "wider_width_latent12_lr0p001",
      "hidden_dims": "64-32",
      "latent_dim": 12,
      "batch_size": 512,
      "learning_rate": 0.001,
      "weight_decay": 1e-05,
      "max_epochs": 45,
      "patience": 8,
      "best_epoch": 45,
      "epochs_trained": 45,
      "validation_loss": 0.0010689106347760366,
      "threshold": 0.003962444607168436,
      "precision": 0.9885095550285954,
      "recall": 0.9816799709095947,
      "f1": 0.985082925727392,
      "accuracy": 0.9757916701914672,
      "normal_error_mean": 0.0010804178891703486,
      "anomaly_error_mean": 0.11529362946748734
    },
    {
      "name": "wider_width_latent12_lr0p0005",
      "hidden_dims": "64-32",
      "latent_dim": 12,
      "batch_size": 512,
      "learning_rate": 0.0005,
      "weight_decay": 1e-05,
      "max_epochs": 45,
      "patience": 8,
      "best_epoch": 45,
      "epochs_trained": 45,
      "validation_loss": 0.001890959368216358,
      "threshold": 0.011486588045954704,
      "precision": 0.9884884797456636,
      "recall": 0.9798618205745355,
      "f1": 0.9841562461955861,
      "accuracy": 0.9743112539830245,
      "normal_error_mean": 0.0018976370338350534,
      "anomaly_error_mean": 0.11134130507707596
    },
    {
      "name": "wider_width_latent16_lr0p001",
      "hidden_dims": "64-32",
      "latent_dim": 16,
      "batch_size": 512,
      "learning_rate": 0.001,
      "weight_decay": 1e-05,
      "max_epochs": 45,
      "patience": 8,
      "best_epoch": 45,
      "epochs_trained": 45,
      "validation_loss": 0.0019892832705577872,
      "threshold": 0.013254714198410511,
      "precision": 0.988566372295574,
      "recall": 0.9866149503904694,
      "f1": 0.9875896973688771,
      "accuracy": 0.97980994275724,
      "normal_error_mean": 0.001942340051755309,
      "anomaly_error_mean": 0.11133142560720444
    },
    {
      "name": "wider_width_latent16_lr0p0005",
      "hidden_dims": "64-32",
      "latent_dim": 16,
      "batch_size": 512,
      "learning_rate": 0.0005,
      "weight_decay": 1e-05,
      "max_epochs": 45,
      "patience": 8,
      "best_epoch": 45,
      "epochs_trained": 45,
      "validation_loss": 0.0022375262296269074,
      "threshold": 0.01463482715189457,
      "precision": 0.9884420436010313,
      "recall": 0.9758792055548822,
      "f1": 0.982120451693852,
      "accuracy": 0.971068437526436,
      "normal_error_mean": 0.0022146697156131268,
      "anomaly_error_mean": 0.10311783850193024
    }
  ],
  "best_result": {
    "name": "wider_width_latent16_lr0p001",
    "hidden_dims": "64-32",
    "latent_dim": 16,
    "batch_size": 512,
    "learning_rate": 0.001,
    "weight_decay": 1e-05,
    "max_epochs": 45,
    "patience": 8,
    "best_epoch": 45,
    "epochs_trained": 45,